{"cameraMode":{"drawMode":0,"name":"Shaded","section":"Shading Mode"},"sceneLighting":false,"audioPlay":false,"sceneViewState":{"showFog":true,"showMaterialUpdate":true,"showSkybox":false,"showFlares":true,"showImageEffects":true,"showParticleSystems":true},"in2DMode":false,"pivot":{"x":-5.152012348175049,"y":2.2490530014038088,"z":-9.204450607299805},"rotation":{"x":0.04721211642026901,"y":-0.9212841391563416,"z":0.36743831634521487,"w":0.1183820366859436},"size":1.3677077293395997,"orthographic":false}