{"cameraMode":{"drawMode":0,"name":"Shaded","section":"Shading Mode"},"sceneLighting":false,"audioPlay":false,"sceneViewState":{"showFog":true,"showMaterialUpdate":true,"showSkybox":false,"showFlares":true,"showImageEffects":true,"showParticleSystems":true},"in2DMode":false,"pivot":{"x":-6.881399154663086,"y":2.81878924369812,"z":7.827200889587402},"rotation":{"x":0.09394273161888123,"y":0.8954198956489563,"z":-0.2262621968984604,"w":0.371853768825531},"size":0.770046591758728,"orthographic":false}