{"cameraMode":{"drawMode":0,"name":"Shaded","section":"Shading Mode"},"sceneLighting":false,"audioPlay":false,"sceneViewState":{"showFog":true,"showMaterialUpdate":true,"showSkybox":false,"showFlares":true,"showImageEffects":true,"showParticleSystems":true},"in2DMode":false,"pivot":{"x":0.7456498146057129,"y":2.300823211669922,"z":7.67150354385376},"rotation":{"x":0.09823516011238098,"y":0.5193823575973511,"z":-0.06026456132531166,"w":0.8467780947685242},"size":0.4299534559249878,"orthographic":false}